id_OTF,NameOTF,id_DTF,NameDTF
0,Разработка и оформление рабочей документации металлических конструкций (чертежи марки КМ) зданий и сооружений промышленного и гражданского назначения,1,Подготовка к выпуску рабочей документации металлических конструкций зданий и сооружений
0,Разработка и оформление рабочей документации металлических конструкций (чертежи марки КМ) зданий и сооружений промышленного и гражданского назначения,0,Разработка рабочих чертежей и спецификаций в составе комплекта рабочей документации металлических конструкций (чертежи марки КМ) зданий и сооружений
0,Разработка и оформление рабочей документации металлических конструкций (чертежи марки КМ) зданий и сооружений промышленного и гражданского назначения,2,Создание элементов металлических конструкций и их типовых соединений в качестве компонентов для информационной модели металлических конструкций зданий и сооружений
1,Разработка проектной документации металлических конструкций зданий и сооружений промышленного и гражданского назначения,3,Выполнение расчетов металлических конструкций зданий и сооружений
1,Разработка проектной документации металлических конструкций зданий и сооружений промышленного и гражданского назначения,5,Подготовка к выпуску проектной документации металлических конструкций зданий и сооружений
1,Разработка проектной документации металлических конструкций зданий и сооружений промышленного и гражданского назначения,4,Разработка текстовой и графической частей проектной документации металлических конструкций зданий и сооружений
1,Разработка проектной документации металлических конструкций зданий и сооружений промышленного и гражданского назначения,6,Создание проектной информационной модели каркаса здания или сооружения с применением металлических конструкций из компонентов
2,Техническое руководство процессами разработки и реализации проекта металлических конструкций зданий и сооружений промышленного и гражданского назначения,9,Организация и контроль создания проектной информационной модели каркаса здания или сооружения из металлических конструкций
2,Техническое руководство процессами разработки и реализации проекта металлических конструкций зданий и сооружений промышленного и гражданского назначения,10,Осуществление авторского надзора за соблюдением утвержденных проектных решений проектной документации металлических конструкций зданий и сооружений
2,Техническое руководство процессами разработки и реализации проекта металлических конструкций зданий и сооружений промышленного и гражданского назначения,7,Разработка концепции конструктивной схемы и основных технических решений здания или сооружения с применением металлических конструкций
2,Техническое руководство процессами разработки и реализации проекта металлических конструкций зданий и сооружений промышленного и гражданского назначения,11,Разработка специальных технических условий на проектирование конструктивных решений металлических конструкций зданий и сооружений
2,Техническое руководство процессами разработки и реализации проекта металлических конструкций зданий и сооружений промышленного и гражданского назначения,8,Формирование технического задания и контроль разработки проекта металлических конструкций зданий и сооружений
3,Разработка и оформление рабочей документации на строительство подземных инженерных коммуникаций с применением бестраншейных технологий,13,"Комплектование, нормоконтроль и подготовка к выпуску рабочей документации на строительство подземных инженерных коммуникаций с применением бестраншейных технологий"
3,Разработка и оформление рабочей документации на строительство подземных инженерных коммуникаций с применением бестраншейных технологий,12,"Разработка рабочих чертежей и спецификаций оборудования, изделий и материалов в составе комплекта рабочей документации на строительство подземных инженерных коммуникаций с применением бестраншейных технологий"
4,Разработка проектной и рабочей документации на строительство подземных инженерных коммуникаций с применением бестраншейных технологий,14,Подготовка исходно-разрешительной и организационно-технической документации для проектирования подземных инженерных коммуникаций с применением бестраншейных технологий
4,Разработка проектной и рабочей документации на строительство подземных инженерных коммуникаций с применением бестраншейных технологий,15,Разработка и оформление обосновывающей технической документации для проектирования подземных инженерных коммуникаций с применением бестраншейных технологий
4,Разработка проектной и рабочей документации на строительство подземных инженерных коммуникаций с применением бестраншейных технологий,17,"Разработка, детализация и подготовка к выпуску рабочей документации на строительство подземных инженерных коммуникаций с применением бестраншейных технологий"
4,Разработка проектной и рабочей документации на строительство подземных инженерных коммуникаций с применением бестраншейных технологий,16,"Разработка, корректировка и подготовка к выпуску текстовой и графической части проектной документации на строительство подземных инженерных коммуникаций с применением бестраншейных технологий"
5,Техническое руководство процессами разработки и применения проектной и рабочей документации на строительство подземных инженерных коммуникаций с применением бестраншейных технологий,22,Организация и контроль создания проектной информационной модели объекта бестраншейного строительства
5,Техническое руководство процессами разработки и применения проектной и рабочей документации на строительство подземных инженерных коммуникаций с применением бестраншейных технологий,20,Осуществление авторского надзора за соблюдением утвержденных проектных решений строительства подземных инженерных коммуникаций с применением бестраншейных технологий
5,Техническое руководство процессами разработки и применения проектной и рабочей документации на строительство подземных инженерных коммуникаций с применением бестраншейных технологий,18,Разработка концепции конструктивной схемы и основных технических решений по строительству подземных инженерных коммуникаций с применением бестраншейных технологий
5,Техническое руководство процессами разработки и применения проектной и рабочей документации на строительство подземных инженерных коммуникаций с применением бестраншейных технологий,21,Разработка специальных технических условий на проектирование конструктивных решений строительства подземных инженерных коммуникаций с применением бестраншейных технологий
5,Техническое руководство процессами разработки и применения проектной и рабочей документации на строительство подземных инженерных коммуникаций с применением бестраншейных технологий,19,"Формирование технического задания и контроль разработки проектной и рабочей документации на строительство подземных инженерных коммуникаций с применением бестраншейных технологий, прохождение государственной или независимой экспертизы"
6,Разработка и оформление рабочей документации системы электропривода,24,Подготовка к выпуску рабочей документации системы электропривода
6,Разработка и оформление рабочей документации системы электропривода,23,Разработка текстовой и графической частей рабочей документации системы электропривода
7,Разработка проекта системы электропривода,27,Подготовка к выпуску проекта системы электропривода
7,Разработка проекта системы электропривода,26,Подготовка текстовой и графической частей эскизного и технического проектов системы электропривода
7,Разработка проекта системы электропривода,25,Предпроектное обследование оборудования и подготовка технико-экономического обоснования создания системы электропривода
8,Техническое руководство процессами разработки и реализации проекта системы электропривода,29,Контроль разработки проекта системы электропривода
8,Техническое руководство процессами разработки и реализации проекта системы электропривода,30,Осуществление авторского надзора за соблюдением утвержденных проектных решений проектной документации системы электропривода
8,Техническое руководство процессами разработки и реализации проекта системы электропривода,31,Осуществление мероприятий по защите авторских прав на проектные решения системы электропривода
8,Техническое руководство процессами разработки и реализации проекта системы электропривода,28,Разработка концепции и формирование технического задания на проектирование системы электропривода
9,Разработка и оформление рабочей документации строительных конструкций из металлических тонкостенных профилей (чертежи марки КМ и КМД) зданий и сооружений,33,Подготовка к выпуску рабочей документации строительных конструкций из металлических тонкостенных профилей (чертежи марки КМ и КМД) зданий и сооружений
9,Разработка и оформление рабочей документации строительных конструкций из металлических тонкостенных профилей (чертежи марки КМ и КМД) зданий и сооружений,32,Разработка рабочих чертежей и спецификаций в составе комплекта рабочей документации строительных конструкций из металлических тонкостенных профилей (чертежи марки КМ и КМД) зданий и сооружений
9,Разработка и оформление рабочей документации строительных конструкций из металлических тонкостенных профилей (чертежи марки КМ и КМД) зданий и сооружений,34,Формирование элементов строительных конструкций из металлических тонкостенных профилей в качестве компонентов для информационной модели объекта капитального строительства
10,Разработка проекта строительных конструкций из металлических тонкостенных профилей зданий и сооружений,35,Выполнение расчетов строительных конструкций из металлических тонкостенных профилей зданий и сооружений
10,Разработка проекта строительных конструкций из металлических тонкостенных профилей зданий и сооружений,37,Подготовка к выпуску проекта строительных конструкций из металлических тонкостенных профилей зданий и сооружений
10,Разработка проекта строительных конструкций из металлических тонкостенных профилей зданий и сооружений,36,Разработка текстовой и графической частей (чертежи КМ) проектной документации строительных конструкций из металлических тонкостенных профилей зданий и сооружений
10,Разработка проекта строительных конструкций из металлических тонкостенных профилей зданий и сооружений,38,Формирование информационной модели каркаса здания или сооружения с применением строительных конструкций из металлических тонкостенных профилей
11,Техническое руководство процессами разработки и реализации проекта строительных конструкций из металлических тонкостенных профилей зданий и сооружений,41,Организация и контроль формирования информационной модели каркаса здания или сооружения с применением строительных конструкций из металлических тонкостенных профилей
11,Техническое руководство процессами разработки и реализации проекта строительных конструкций из металлических тонкостенных профилей зданий и сооружений,42,Осуществление авторского надзора за соблюдением утвержденных проектных решений проектной документации строительных конструкций из металлических тонкостенных профилей зданий и сооружений
11,Техническое руководство процессами разработки и реализации проекта строительных конструкций из металлических тонкостенных профилей зданий и сооружений,39,Разработка концепции конструктивной схемы и основных технических решений здания или сооружения с применением строительных конструкций из металлических тонкостенных профилей
11,Техническое руководство процессами разработки и реализации проекта строительных конструкций из металлических тонкостенных профилей зданий и сооружений,43,Разработка специальных технических условий на проектирование конструктивных решений строительных конструкций из металлических тонкостенных профилей зданий и сооружений
11,Техническое руководство процессами разработки и реализации проекта строительных конструкций из металлических тонкостенных профилей зданий и сооружений,40,Формирование технического задания и контроль разработки проекта строительных конструкций из металлических тонкостенных профилей зданий и сооружений
12,Разработка и оформление рабочей документации системы водоснабжения и водоотведения объекта капитального строительства,45,Подготовка к выпуску рабочей документации системы водоснабжения и водоотведения объекта капитального строительства
12,Разработка и оформление рабочей документации системы водоснабжения и водоотведения объекта капитального строительства,44,Разработка рабочей документации системы водоснабжения и водоотведения объекта капитального строительства
12,Разработка и оформление рабочей документации системы водоснабжения и водоотведения объекта капитального строительства,46,Создание элементов системы водоснабжения и водоотведения в качестве компонентов для информационной модели объекта капитального строительства
13,Разработка проектной документации системы водоснабжения и водоотведения объекта капитального строительства,47,Выполнение расчетов для проектирования систем водоснабжения и водоотведения объекта капитального строительства
13,Разработка проектной документации системы водоснабжения и водоотведения объекта капитального строительства,49,Подготовка к выпуску проектной документации системы водоснабжения и водоотведения объекта капитального строительства
13,Разработка проектной документации системы водоснабжения и водоотведения объекта капитального строительства,48,Разработка текстовой и графической частей проектной документации системы водоснабжения и водоотведения объекта капитального строительства
13,Разработка проектной документации системы водоснабжения и водоотведения объекта капитального строительства,50,Создание информационной модели системы водоснабжения и водоотведения объекта капитального строительства
14,Техническое руководство процессами разработки и реализации проекта системы водоснабжения и водоотведения объекта капитального строительства,53,Организация и контроль создания информационной модели системы водоснабжения и водоотведения объекта капитального строительства
14,Техническое руководство процессами разработки и реализации проекта системы водоснабжения и водоотведения объекта капитального строительства,54,Осуществление авторского надзора за соблюдением утвержденных проектных решений проектной документации системы водоснабжения и водоотведения объекта капитального строительства
14,Техническое руководство процессами разработки и реализации проекта системы водоснабжения и водоотведения объекта капитального строительства,55,Разработка специальных технических условий на проектирование конструктивных решений системы водоснабжения и водоотведения объекта капитального строительства
14,Техническое руководство процессами разработки и реализации проекта системы водоснабжения и водоотведения объекта капитального строительства,51,Разработка технологических и конструктивных решений системы водоснабжения и водоотведения объекта капитального строительства
14,Техническое руководство процессами разработки и реализации проекта системы водоснабжения и водоотведения объекта капитального строительства,52,Формирование технического задания и контроль разработки проекта системы водоснабжения и водоотведения объекта капитального строительства
15,"Разработка и оформление рабочей документации систем электроснабжения (электроснабжение, освещение, заземление, кабельные и воздушные сети) объектов капитального строительства",57,"Подготовка к выпуску рабочей документации систем электроснабжения (электроснабжение, освещение, заземление, кабельные и воздушные сети) объектов капитального строительства"
15,"Разработка и оформление рабочей документации систем электроснабжения (электроснабжение, освещение, заземление, кабельные и воздушные сети) объектов капитального строительства",56,"Разработка рабочей документации систем электроснабжения (электроснабжение, освещение, заземление, кабельные и воздушные сети) объектов капитального строительства"
15,"Разработка и оформление рабочей документации систем электроснабжения (электроснабжение, освещение, заземление, кабельные и воздушные сети) объектов капитального строительства",58,Создание элементов системы электроснабжения в качестве компонентов для информационной модели объекта капительного строительства
16,Разработка проектной документации системы электроснабжения объектов капитального строительства,61,Подготовка к выпуску проектной документации системы электроснабжения объектов капитального строительства
16,Разработка проектной документации системы электроснабжения объектов капитального строительства,59,"Предпроектное обследование объекта капитального строительства, для которого предназначена система электроснабжения"
16,Разработка проектной документации системы электроснабжения объектов капитального строительства,60,Разработка текстовой и графической частей проектной документации системы электроснабжения объектов капитального строительства
16,Разработка проектной документации системы электроснабжения объектов капитального строительства,62,Создание информационной модели системы электроснабжения объекта капитального строительства
17,Техническое руководство процессами разработки и реализации проекта системы электроснабжения объекта капитального строительства,65,Осуществление авторского надзора за соблюдением утвержденных проектных решений проектной документации системы электроснабжения объектов капитального строительства
17,Техническое руководство процессами разработки и реализации проекта системы электроснабжения объекта капитального строительства,63,"Разработка принципиальной схемы электроснабжения электроприемников от основного, дополнительного и резервного источников электроснабжения объекта капитального строительства"
17,Техническое руководство процессами разработки и реализации проекта системы электроснабжения объекта капитального строительства,64,Формирование технического задания и контроль разработки проекта системы электроснабжения объектов капитального строительства
18,Разработка и оформление рабочей документации слаботочных систем управления инженерными сетями объекта капитального строительства,67,Подготовка к выпуску рабочей документации слаботочных систем управления инженерными сетями объекта капитального строительства
18,Разработка и оформление рабочей документации слаботочных систем управления инженерными сетями объекта капитального строительства,66,Разработка рабочей документации слаботочных систем управления инженерными сетями объекта капитального строительства
18,Разработка и оформление рабочей документации слаботочных систем управления инженерными сетями объекта капитального строительства,68,Создание элементов слаботочных систем управления инженерными сетями в качестве компонентов для информационной модели объекта капитального строительства
19,Разработка проектной документации слаботочных систем управления инженерными сетями объекта капитального строительства,69,Выполнение расчетов для проектирования слаботочных систем управления инженерными сетями объекта капитального строительства
19,Разработка проектной документации слаботочных систем управления инженерными сетями объекта капитального строительства,71,Подготовка к выпуску проекта слаботочных систем управления инженерными сетями объекта капитального строительства
19,Разработка проектной документации слаботочных систем управления инженерными сетями объекта капитального строительства,70,Разработка текстовой и графической частей проектной документации слаботочных систем управления инженерными сетями объекта капитального строительства
19,Разработка проектной документации слаботочных систем управления инженерными сетями объекта капитального строительства,72,Создание информационной модели слаботочных систем управления инженерными сетями объекта капитального строительства
20,Техническое руководство процессами разработки и реализации проекта слаботочных систем управления инженерными сетями объекта капитального строительства,75,Организация и контроль создания информационной модели слаботочных систем управления инженерными сетями объекта капитального строительства
20,Техническое руководство процессами разработки и реализации проекта слаботочных систем управления инженерными сетями объекта капитального строительства,76,Осуществление авторского надзора за соблюдением утвержденных проектных решений проектной документации слаботочных систем управления инженерными сетями объекта капитального строительства
20,Техническое руководство процессами разработки и реализации проекта слаботочных систем управления инженерными сетями объекта капитального строительства,73,Разработка технологических и конструктивных решений слаботочных систем управления инженерными сетями объекта капитального строительства
20,Техническое руководство процессами разработки и реализации проекта слаботочных систем управления инженерными сетями объекта капитального строительства,74,Формирование технического задания и контроль разработки проекта слаботочных систем управления инженерными сетями объекта капитального строительства
21,"Разработка и оформление рабочей документации систем отопления, вентиляции и кондиционирования воздуха объекта капитального строительства",78,"Подготовка к выпуску рабочей документации систем отопления, вентиляции и кондиционирования воздуха объекта капитального строительства"
21,"Разработка и оформление рабочей документации систем отопления, вентиляции и кондиционирования воздуха объекта капитального строительства",77,"Разработка рабочей документации систем отопления, вентиляции и кондиционирования воздуха объекта капитального строительства"
21,"Разработка и оформление рабочей документации систем отопления, вентиляции и кондиционирования воздуха объекта капитального строительства",79,"Создание элементов систем отопления, вентиляции и кондиционирования воздуха в качестве компонентов для информационной модели объекта капитального строительства"
22,"Разработка проектной документации систем отопления, вентиляции и кондиционирования воздуха объекта капитального строительства",80,"Выполнение расчетов для проектирования систем отопления, вентиляции и кондиционирования воздуха объекта капитального строительства"
22,"Разработка проектной документации систем отопления, вентиляции и кондиционирования воздуха объекта капитального строительства",82,"Подготовка к выпуску проекта систем отопления, вентиляции и кондиционирования воздуха объекта капитального строительства"
22,"Разработка проектной документации систем отопления, вентиляции и кондиционирования воздуха объекта капитального строительства",81,"Разработка текстовой и графической частей проектной документации систем отопления, вентиляции и кондиционирования воздуха объекта капитального строительства"
22,"Разработка проектной документации систем отопления, вентиляции и кондиционирования воздуха объекта капитального строительства",83,"Создание информационной модели систем отопления, вентиляции и кондиционирования воздуха объекта капитального строительства"
23,"Техническое руководство процессами разработки и реализации проекта систем отопления, вентиляции и кондиционирования воздуха объекта капитального строительства",86,"Организация и контроль создания информационной модели систем отопления, вентиляции и кондиционирования воздуха объекта капитального строительства"
23,"Техническое руководство процессами разработки и реализации проекта систем отопления, вентиляции и кондиционирования воздуха объекта капитального строительства",87,"Осуществление авторского надзора за соблюдением утвержденных проектных решений проектной документации систем отопления, вентиляции и кондиционирования воздуха объекта капитального строительства"
23,"Техническое руководство процессами разработки и реализации проекта систем отопления, вентиляции и кондиционирования воздуха объекта капитального строительства",88,"Разработка специальных технических условий на проектирование конструктивных решений систем отопления, вентиляции и кондиционирования воздуха объекта капитального строительства"
23,"Техническое руководство процессами разработки и реализации проекта систем отопления, вентиляции и кондиционирования воздуха объекта капитального строительства",84,"Разработка технологических и конструктивных решений систем отопления, вентиляции и кондиционирования воздуха объекта капитального строительства"
23,"Техническое руководство процессами разработки и реализации проекта систем отопления, вентиляции и кондиционирования воздуха объекта капитального строительства",85,"Формирование технического задания и контроль разработки проекта систем отопления, вентиляции и кондиционирования воздуха объекта капитального строительства"
24,Разработка и оформление рабочей документации системы газоснабжения (сетей газораспределения и газопотребления) объектов капитального строительства,90,Подготовка к выпуску рабочей документации системы газоснабжения (сетей газораспределения и газопотребления) объектов капитального строительства
24,Разработка и оформление рабочей документации системы газоснабжения (сетей газораспределения и газопотребления) объектов капитального строительства,89,Разработка рабочей документации системы газоснабжения (сетей газораспределения и газопотребления) объектов капитального строительства
24,Разработка и оформление рабочей документации системы газоснабжения (сетей газораспределения и газопотребления) объектов капитального строительства,91,Создание элементов системы газоснабжения (сетей газораспределения и газопотребления) в качестве компонентов для информационной модели объектов капитального строительства
25,Разработка проектной документации системы газоснабжения (сетей газораспределения и газопотребления) объектов капитального строительства,92,Выполнение расчетов для проектирования системы газоснабжения (сетей газораспределения и газопотребления) объектов капитального строительства
25,Разработка проектной документации системы газоснабжения (сетей газораспределения и газопотребления) объектов капитального строительства,94,Подготовка к выпуску проектной документации системы газоснабжения (сетей газораспределения и газопотребления) объектов капитального строительства
25,Разработка проектной документации системы газоснабжения (сетей газораспределения и газопотребления) объектов капитального строительства,93,Разработка текстовой и графической частей проектной документации системы газоснабжения (сетей газораспределения и газопотребления) объектов капитального строительства
25,Разработка проектной документации системы газоснабжения (сетей газораспределения и газопотребления) объектов капитального строительства,95,Создание информационной модели системы газоснабжения (сетей газораспределения и газопотребления) объектов капитального строительства
26,Техническое руководство процессами разработки и реализации проекта системы газоснабжения (сетей газораспределения и газопотребления) объектов капитального строительства,98,Организация и контроль создания информационной модели системы газоснабжения (сетей газораспределения и газопотребления) объектов капитального строительства
26,Техническое руководство процессами разработки и реализации проекта системы газоснабжения (сетей газораспределения и газопотребления) объектов капитального строительства,99,Осуществление авторского надзора за соблюдением утвержденных проектных решений проектной документации системы газоснабжения (сетей газораспределения и газопотребления) объектов капитального строительства
26,Техническое руководство процессами разработки и реализации проекта системы газоснабжения (сетей газораспределения и газопотребления) объектов капитального строительства,100,Разработка специальных технических условий на проектирование конструктивных решений системы газоснабжения (сетей газораспределения и газопотребления) объектов капитального строительства
26,Техническое руководство процессами разработки и реализации проекта системы газоснабжения (сетей газораспределения и газопотребления) объектов капитального строительства,96,Разработка технологических и конструктивных решений системы газоснабжения (сетей газораспределения и газопотребления) объектов капитального строительства
26,Техническое руководство процессами разработки и реализации проекта системы газоснабжения (сетей газораспределения и газопотребления) объектов капитального строительства,97,Формирование технического задания и контроль разработки проекта системы газоснабжения (сетей газораспределения и газопотребления) объектов капитального строительства
27,Выполнение работ по подготовке проектной продукции по отдельным узлам и элементам мостовых сооружений,102,Выполнение графической и (или) текстовой части проектной продукции по отдельным узлам и элементам мостовых сооружений
27,Выполнение работ по подготовке проектной продукции по отдельным узлам и элементам мостовых сооружений,101,Выполнение расчетной части проектной продукции по отдельным узлам и элементам мостовых сооружений
28,Выполнение работ по подготовке проектной продукции по мостовым сооружениям в целом,104,Выполнение графической и (или) текстовой части проектной продукции по мостовым сооружениям в целом
28,Выполнение работ по подготовке проектной продукции по мостовым сооружениям в целом,103,Выполнение расчетной части проектной продукции по мостовым сооружениям в целом
29,Руководство деятельностью работников или группы работников в составе подразделения по подготовке проектной продукции по мостовым сооружениям,105,Обеспечение процесса подготовки проектной продукции по мостовым сооружениям необходимыми исходными данными
29,Руководство деятельностью работников или группы работников в составе подразделения по подготовке проектной продукции по мостовым сооружениям,107,Обеспечение создания информационных моделей мостовых сооружений во взаимодействии с другими компонентами единых информационных моделей объекта капитального строительства
29,Руководство деятельностью работников или группы работников в составе подразделения по подготовке проектной продукции по мостовым сооружениям,106,"Организация, контроль и приемка результатов работы работников или группы работников в составе подразделения при подготовке проектной продукции по мостовым сооружениям"
30,Инженерно-техническое сопровождение подготовки проектной продукции по мостовым сооружениям,109,Информационно-методическое обеспечение подготовки проектной продукции по мостовым сооружениям
30,Инженерно-техническое сопровождение подготовки проектной продукции по мостовым сооружениям,108,Экспертно-аналитическое обеспечение подготовки проектной продукции по мостовым сооружениям
31,Руководство деятельностью подразделения по подготовке проектной продукции по мостовым сооружениям,110,"Организация, контроль и приемка работ по подготовке проектной продукции по мостовым сооружениям"
31,Руководство деятельностью подразделения по подготовке проектной продукции по мостовым сооружениям,111,"Осуществление авторского надзора при строительстве, капитальном ремонте и реконструкции мостовых сооружений"
32,Техническое сопровождение информационного моделирования ОКС,114,"Автоматизация и сопровождение решения задач формирования, анализа и передачи данных об ОКС средствами программ информационного моделирования"
32,Техническое сопровождение информационного моделирования ОКС,112,Адаптация и сопровождение программных средств в соответствии со стандартами применения технологий информационного моделирования ОКС в организации
32,Техническое сопровождение информационного моделирования ОКС,113,"Подготовка контента электронных справочников, библиотек компонентов и баз данных для информационного моделирования ОКС в соответствии с заданием"
33,Разработка и использование структурных элементов информационной модели ОКС на этапе его жизненного цикла,116,Формирование технической документации информационной модели ОКС
33,Разработка и использование структурных элементов информационной модели ОКС на этапе его жизненного цикла,115,"Формирование, обработка и актуализация данных структурных элементов информационной модели при решении профильных задач на этапе жизненного цикла ОКС"
34,Организация разработки и использования структурных элементов информационной модели ОКС на этапе его жизненного цикла,121,Консультирование разработчиков и пользователей информационной модели ОКС по технологиям информационного моделирования
34,Организация разработки и использования структурных элементов информационной модели ОКС на этапе его жизненного цикла,119,Организация коллективной работы с информационной моделью ОКС
34,Организация разработки и использования структурных элементов информационной модели ОКС на этапе его жизненного цикла,118,Организация рабочей среды для разработки и использования структурных элементов информационной модели ОКС
34,Организация разработки и использования структурных элементов информационной модели ОКС на этапе его жизненного цикла,120,Проверка структурных элементов информационной модели на соответствие требованиям к информационной модели ОКС
34,Организация разработки и использования структурных элементов информационной модели ОКС на этапе его жизненного цикла,117,Формирование предложений для плана реализации проекта информационного моделирования ОКС
35,Управление процессами информационного моделирования ОКС на этапах его жизненного цикла,126,Контроль выполнения плана реализации проекта информационного моделирования ОКС
35,Управление процессами информационного моделирования ОКС на этапах его жизненного цикла,125,Координация работы над проектом информационного моделирования ОКС
35,Управление процессами информационного моделирования ОКС на этапах его жизненного цикла,122,Организация взаимодействия с заказчиком информационной модели ОКС
35,Управление процессами информационного моделирования ОКС на этапах его жизненного цикла,124,Организация среды общих данных проекта информационного моделирования ОКС
35,Управление процессами информационного моделирования ОКС на этапах его жизненного цикла,128,Прием-передача информационной модели ОКС по этапам его жизненного цикла
35,Управление процессами информационного моделирования ОКС на этапах его жизненного цикла,123,"Разработка плана реализации проекта информационного моделирования ОКС в соответствии с ресурсами, стандартами и бизнес-процессами организации"
35,Управление процессами информационного моделирования ОКС на этапах его жизненного цикла,127,Формирование и контроль качества информационной модели ОКС на этапах его жизненного цикла
36,"Управление деятельностью по внедрению, поддержке и развитию технологий информационного моделирования ОКС на уровне организации",131,Контроль результатов использования технологий информационного моделирования ОКС в организации
36,"Управление деятельностью по внедрению, поддержке и развитию технологий информационного моделирования ОКС на уровне организации",129,Организация внедрения и развития технологий информационного моделирования ОКС в организации
36,"Управление деятельностью по внедрению, поддержке и развитию технологий информационного моделирования ОКС на уровне организации",130,Стандартизация деятельности организации с применением технологий информационного моделирования ОКС
37,Выполнение работ по подготовке проектной продукции по отдельным узлам и элементам автомобильных дорог,133,Выполнение графической и (или) текстовой части проектной продукции по отдельным узлам и элементам автомобильных дорог
37,Выполнение работ по подготовке проектной продукции по отдельным узлам и элементам автомобильных дорог,132,Выполнение расчетной части проектной продукции по отдельным узлам и элементам автомобильных дорог
38,Выполнение работ по подготовке проектной продукции по автомобильным дорогам в целом,135,Выполнение графической и (или) текстовой части проектной продукции по автомобильным дорогам в целом
38,Выполнение работ по подготовке проектной продукции по автомобильным дорогам в целом,134,Выполнение расчетной части проектной продукции по автомобильным дорогам в целом
39,Руководство деятельностью работников или группы работников в составе подразделения по подготовке проектной продукции по автомобильным дорогам,136,Обеспечение процесса подготовки проектной продукции по автомобильным дорогам необходимыми исходными данными
39,Руководство деятельностью работников или группы работников в составе подразделения по подготовке проектной продукции по автомобильным дорогам,138,Обеспечение создания информационных моделей автомобильных дорог во взаимодействии с другими компонентами единых информационных моделей объекта капитального строительства
39,Руководство деятельностью работников или группы работников в составе подразделения по подготовке проектной продукции по автомобильным дорогам,137,"Организация, контроль и приемка результатов работы работников или группы работников в составе подразделения при подготовке проектной продукции по автомобильным дорогам"
40,Инженерно-техническое сопровождение подготовки проектной продукции по автомобильным дорогам,140,Информационно-методическое обеспечение подготовки проектной продукции по автомобильным дорогам
40,Инженерно-техническое сопровождение подготовки проектной продукции по автомобильным дорогам,139,Экспертно-аналитическое обеспечение подготовки проектной продукции по автомобильным дорогам
41,Руководство деятельностью подразделения по подготовке проектной продукции по автомобильным дорогам,141,"Организация, контроль и приемка работ по подготовке проектной продукции по автомобильным дорогам"
41,Руководство деятельностью подразделения по подготовке проектной продукции по автомобильным дорогам,142,"Осуществление авторского надзора при строительстве, капитальном ремонте и реконструкции автомобильных дорог"
42,Организация архитектурно-строительного проектирования объектов капитального строительства,145,"Контроль разработки и выпуска проектной документации, в том числе ее разделов и частей, и рабочей документации, в том числе основных комплектов рабочих чертежей, прилагаемых документов, сметной документации, для объектов капитального строительства"
42,Организация архитектурно-строительного проектирования объектов капитального строительства,144,Подготовка организационно-распорядительной документации по объектам капитального строительства
42,Организация архитектурно-строительного проектирования объектов капитального строительства,143,Согласование с заказчиками перечня и состава исходно-разрешительной документации на проектирование объектов капитального строительства и подготовка договоров на проектные работы
43,"Управление процессом архитектурно-строительного проектирования объектов капитального строительства особо опасных, технически-сложных и уникальных объектов, за исключением объектов использования атомной энергии",146,"Организация процесса архитектурно-строительного проектирования объектов капитального строительства особо опасных, технически сложных и уникальных объектов, за исключением объектов использования атомной энергии"
43,"Управление процессом архитектурно-строительного проектирования объектов капитального строительства особо опасных, технически-сложных и уникальных объектов, за исключением объектов использования атомной энергии",147,"Техническое руководство процессом архитектурно-строительного проектирования объектов капитального строительства особо опасных, технически сложных и уникальных объектов, за исключением объектов использования атомной энергии"
44,Подготовка текстовой и графической частей рабочей или проектной документации раздела «Конструкции железобетонные»,149,"Выполнение чертежей монолитных бетонных и железобетонных конструкций, спецификаций и ведомостей расхода стали на монолитные железобетонные конструкции в составе рабочей или проектной документации раздела «Конструкции железобетонные»"
44,Подготовка текстовой и графической частей рабочей или проектной документации раздела «Конструкции железобетонные»,148,"Проектирование раздела «Общие данные», выполнение схем расположения элементов и спецификаций сборных конструкций, комплектование и подготовка к выдаче текстовой и графической частей комплекта проектной или рабочей документации раздела «Конструкции железоб"
45,Расчеты бетонных и железобетонных конструкций и подготовка текстовой и графической частей рабочей или проектной документации раздела «Конструкции железобетонные»,151,Выполнение расчетов бетонных и железобетонных конструкций по предельным состояниям второй группы и выполнение текстовой и графической частей проектной или рабочей документации раздела «Конструкции железобетонные»
45,Расчеты бетонных и железобетонных конструкций и подготовка текстовой и графической частей рабочей или проектной документации раздела «Конструкции железобетонные»,150,Выполнение расчетов бетонных и железобетонных конструкций по предельным состояниям первой группы и выполнение текстовой и графической частей проектной или рабочей документации раздела «Конструкции железобетонные»
46,Предпроектная подготовка к проектированию раздела «Конструкции железобетонные» и разработка специальных технических условий на проектирование раздела «Конструкции железобетонные»,152,"Подготовка технических заданий на проектирование и разработку специальных технических условий, разработка вариантов решений по несущим и ограждающим конструкциям из бетонных и железобетонных конструкций и специальных технических условий для проектирования"
46,Предпроектная подготовка к проектированию раздела «Конструкции железобетонные» и разработка специальных технических условий на проектирование раздела «Конструкции железобетонные»,153,"Проверка соответствия техническому заданию, принятых решений в рабочей или проектной документации, разработка специальных технических условий на проектирование раздела «Конструкции железобетонные» уникальных объектов и выполнение проверочных расчетов бето"
47,Руководство проектным подразделением по подготовке проектной или рабочей документации раздела «Конструкции железобетонные»,155,Организация работы проектного подразделения по подготовке рабочей или проектной документации раздела «Конструкции железобетонные»
47,Руководство проектным подразделением по подготовке проектной или рабочей документации раздела «Конструкции железобетонные»,154,"Проверка принятых решений в рабочей или проектной документации, разработка специальных технических условий и осуществление авторского надзора за соблюдением утвержденных проектных решений в рабочей или проектной документации раздела «Конструкции железобет"
48,Подготовка текстовой и графической частей рабочей или проектной документации раздела «Конструкции деревянные»,157,"Выполнение расчетов спецификаций металлоизделий и лесоматериалов и чертежей строительных конструкций, стыковых и узловых соединений раздела «Конструкции деревянные»"
48,Подготовка текстовой и графической частей рабочей или проектной документации раздела «Конструкции деревянные»,156,Выполнение текстовой и графической частей и подготовка к выдаче комплекта проектной или рабочей документации раздела «Конструкции деревянные»
49,Расчеты деревянных и металлодеревянных конструкций и подготовка текстовой и графической частей рабочей или проектной документации раздела «Конструкции деревянные»,159,"Выполнение расчетов деревянных и металлодеревянных конструкций, их стыковых и узловых соединений и выполнение чертежей строительных конструкций, стыковых и узловых соединений раздела «Конструкции деревянные»"
49,Расчеты деревянных и металлодеревянных конструкций и подготовка текстовой и графической частей рабочей или проектной документации раздела «Конструкции деревянные»,158,Выполнение расчетов стыковых и узловых соединений строительных конструкций и выполнение текстовой и графической частей проектной или рабочей документации раздела «Конструкции деревянные»
50,Предпроектная подготовка раздела «Конструкции деревянные» и разработка специальных технических условий на проектирование раздела «Конструкции деревянные» уникальных объектов,161,"Выполнение проверочных расчетов деревянных и металлодеревянных конструкций, разработка специальных технических условий и проверка соответствия принятых решений в рабочей или проектной документации раздела «Конструкции деревянные» уникальных объектов"
50,Предпроектная подготовка раздела «Конструкции деревянные» и разработка специальных технических условий на проектирование раздела «Конструкции деревянные» уникальных объектов,160,Подготовка технических заданий на проектирование и разработку специальных технических условий и разработка специальных технических условий на проектирование раздела «Конструкции деревянные» уникальных объектов
51,Руководство проектным подразделением по подготовке проектной или рабочей документации раздела «Конструкции деревянные»,163,Организация работы проектного подразделения по подготовке рабочей или проектной документации раздела «Конструкции деревянные»
51,Руководство проектным подразделением по подготовке проектной или рабочей документации раздела «Конструкции деревянные»,162,"Проверка принятых решений и осуществление авторского надзора за соблюдением утвержденных проектных решений, принятых в рабочей или проектной документации раздела «Конструкции деревянные»"
52,Подготовка текстовой и графической частей рабочей или проектной документации раздела «Конструкции из полимерных и композиционных материалов»,164,Выполнение текстовой и графической частей раздела «Конструкции из полимерных и композиционных материалов» и подготовка к выдаче комплекта проектной или рабочей документации раздела «Конструкции из полимерных и композиционных материалов»
52,Подготовка текстовой и графической частей рабочей или проектной документации раздела «Конструкции из полимерных и композиционных материалов»,165,"Выполнение чертежей строительных конструкций, стыковых и узловых соединений и выполнение расчетов спецификаций изделий и конструкций из полимерных и композиционных материалов в составе рабочей или проектной документации раздела «Конструкции из полимерных"
53,Расчеты конструкций из полимерных и композиционных материалов и подготовка текстовой и графической частей рабочей или проектной документации раздела «Конструкции из полимерных и композиционных материалов»,167,"Выполнение расчетов конструкций из полимерных и композиционных материалов, их стыковых и узловых соединений и выполнение чертежей строительных конструкций, стыковых и узловых соединений раздела «Конструкции из полимерных и композиционных материалов»"
53,Расчеты конструкций из полимерных и композиционных материалов и подготовка текстовой и графической частей рабочей или проектной документации раздела «Конструкции из полимерных и композиционных материалов»,166,Выполнение расчетов стыковых и узловых соединений строительных конструкций и выполнение текстовой и графической частей проектной или рабочей документации раздела «Конструкции из полимерных и композиционных материалов»
54,Предпроектная подготовка к проектированию раздела «Конструкции из полимерных и композиционных материалов» и разработка специальных технических условий на проектирование раздела «Конструкции из полимерных и композиционных материалов»,169,Выполнение проверочных расчетов конструкций из полимерных и композиционных материалов и разработка специальных технических условий для проектирования раздела «Конструкции из полимерных и композиционных материалов»
54,Предпроектная подготовка к проектированию раздела «Конструкции из полимерных и композиционных материалов» и разработка специальных технических условий на проектирование раздела «Конструкции из полимерных и композиционных материалов»,168,"Подготовка технических заданий на проектирование и на разработку специальных технических условий, разработка вариантов решений по несущим и ограждающим конструкциям из полимерных и композиционных материалов и разработка специальных технических условий для"
55,Руководство проектным подразделением по подготовке проектной или рабочей документации раздела «Конструкции из полимерных и композиционных материалов»,171,Организация работы проектного подразделения по подготовке рабочей или проектной документации раздела «Конструкции из полимерных и композиционных материалов»
55,Руководство проектным подразделением по подготовке проектной или рабочей документации раздела «Конструкции из полимерных и композиционных материалов»,170,"Проверка принятых решений и осуществление авторского надзора за соблюдением утвержденных проектных решений, принятых в рабочей или проектной документации раздела «Конструкции из полимерных и композиционных материалов»"
56,Подготовка текстовой и графической частей рабочей или проектной документации раздела «Конструктивные решения строительных конструкций из штучных материалов»,172,"Выполнение раздела «Общие данные», спецификаций арматурных сеток и стержней, кладочных планов и разрезов графической части документации на строительные конструкции из штучных материалов и комплектование и подготовка к выдаче комплекта проектной или рабоче"
56,Подготовка текстовой и графической частей рабочей или проектной документации раздела «Конструктивные решения строительных конструкций из штучных материалов»,173,"Выполнение чертежей строительных конструкций из штучных материалов (кладочные планы и разрезы), расчет спецификаций сборных железобетонных конструкций в составе рабочей или проектной документации раздела «Конструктивные решения строительных конструкций из"
57,Расчеты конструкций из штучных материалов и подготовка текстовой и графической частей рабочей или проектной документации раздела «Конструктивные решения строительных конструкций из штучных материалов»,174,"Выполнение текстовой и графической частей проектной или рабочей документации раздела «Конструктивные решения строительных конструкций из штучных материалов» и выполнение расчетов конструкций из штучных материалов (стен, колонн, столбов, карнизов) по преде"
57,Расчеты конструкций из штучных материалов и подготовка текстовой и графической частей рабочей или проектной документации раздела «Конструктивные решения строительных конструкций из штучных материалов»,175,"Выполнение текстовой и графической частей проектной или рабочей документации раздела «Конструктивные решения строительных конструкций из штучных материалов» и выполнение расчетов конструкций из штучных материалов (стен, колонн, столбов, карнизов) по преде"
58,Предпроектная подготовка к проектированию раздела «Конструктивные решения» и разработка специальных технических условий на проектирование раздела «Конструктивные решения строительных конструкций из штучных материалов»,177,Выполнение проверочных расчетов и разработка специальных технических условий раздела «Конструктивные решения строительных конструкций из штучных материалов»
58,Предпроектная подготовка к проектированию раздела «Конструктивные решения» и разработка специальных технических условий на проектирование раздела «Конструктивные решения строительных конструкций из штучных материалов»,176,Подготовка технических заданий на проектирование и на разработку специальных технических условий раздела «Конструктивные решения строительных конструкций из штучных материалов» и разработка вариантов решений и специальных технических условий для проектиро
59,Руководство проектным подразделением по подготовке проектной или рабочей документации раздела «Конструктивные решения строительных конструкций из штучных материалов»,179,Организация работы проектного подразделения по подготовке рабочей или проектной документации раздела «Конструктивные решения строительных конструкций из штучных материалов»
59,Руководство проектным подразделением по подготовке проектной или рабочей документации раздела «Конструктивные решения строительных конструкций из штучных материалов»,178,"Проверка принятых решений и осуществление авторского надзора за соблюдением утвержденных проектных решений, принятых в рабочей или проектной документации раздела «Конструктивные решения строительных конструкций из штучных материалов»"
60,"Подготовка проектной и рабочей документации на отдельные узлы и элементы, на планы и профили наружных сетей водоснабжения, водоотведения и канализации",180,"Подготовка проектной и рабочей документации на отдельные узлы и элементы наружных сетей водоснабжения, водоотведения и канализации на основании задания руководителя"
61,"Принятие основных технических решений по наружным сетям водоснабжения, водоотведения и канализации",182,"Выполнение гидравлического расчета наружных сетей водоснабжения, водоотведения и канализации"
61,"Принятие основных технических решений по наружным сетям водоснабжения, водоотведения и канализации",181,"Определение основных технических решений наружных сетей водоснабжения, водоотведения и канализации"
62,"Руководство проектным подразделением по разработке проектной и рабочей документации на наружные сети водоснабжения, водоотведения и канализации",183,"Организация работы проектного подразделения по разработке проектной и рабочей документации на наружные сети водоснабжения, водоотведения и канализации"
62,"Руководство проектным подразделением по разработке проектной и рабочей документации на наружные сети водоснабжения, водоотведения и канализации",184,"Осуществление авторского надзора за соблюдением утвержденных проектных решений наружных сетей водоснабжения, водоотведения и канализации"
63,Выполнение работ по подготовке проектной продукции по отдельным узлам и элементам транспортных тоннелей,186,Выполнение графической и (или) текстовой части проектной продукции по отдельным узлам и элементам транспортных тоннелей
63,Выполнение работ по подготовке проектной продукции по отдельным узлам и элементам транспортных тоннелей,185,Выполнение расчетной части проектной продукции по отдельным узлам и элементам транспортных тоннелей
64,Выполнение работ по подготовке проектной продукции по транспортным тоннелям в целом,188,Выполнение графической и (или) текстовой части проектной продукции по транспортным тоннелям в целом
64,Выполнение работ по подготовке проектной продукции по транспортным тоннелям в целом,187,Выполнение расчетной части проектной продукции по транспортным тоннелям в целом
65,Руководство деятельностью работников или группы работников в составе подразделения по подготовке проектной продукции по транспортным тоннелям,189,Обеспечение процесса подготовки проектной продукции по транспортным тоннелям необходимыми исходными данными
65,Руководство деятельностью работников или группы работников в составе подразделения по подготовке проектной продукции по транспортным тоннелям,190,Руководство подготовкой проектной продукции и согласование проектных решений по транспортным тоннелям
66,Инженерно-техническое сопровождение подготовки проектной продукции по транспортным тоннелям,192,Информационно-методическое обеспечение подготовки проектной продукции по транспортным тоннелям
66,Инженерно-техническое сопровождение подготовки проектной продукции по транспортным тоннелям,191,Экспертно-аналитическое обеспечение подготовки проектной продукции по транспортным тоннелям
67,Руководство деятельностью подразделения по подготовке проектной продукции по транспортным тоннелям,193,"Организация, контроль и приемка работ по подготовке проектной продукции по транспортным тоннелям"
67,Руководство деятельностью подразделения по подготовке проектной продукции по транспортным тоннелям,194,"Осуществление авторского надзора при строительстве, капитальном ремонте и реконструкции транспортных тоннелей"
68,Оформление технической документации на различных стадиях разработки проекта систем противопожарной защиты,196,Оформление технического задания на разработку проекта системы противопожарной защиты объектов
68,Оформление технической документации на различных стадиях разработки проекта систем противопожарной защиты,197,Разработка проектной и рабочей документации отдельных узлов систем противопожарной защиты объектов
68,Оформление технической документации на различных стадиях разработки проекта систем противопожарной защиты,195,Сбор и анализ исходных данных для проектирования систем противопожарной защиты объектов
69,Проектирование автоматики систем противопожарной защиты,199,Разработка электротехнической части проектной и рабочей документации систем противопожарной защиты
69,Проектирование автоматики систем противопожарной защиты,198,Сбор и анализ исходных данных для разработки электротехнической части проектной и рабочей документации систем противопожарной защиты
70,Проектирование технологической части систем противопожарной защиты,201,Разработка технологической части проектной и рабочей документации систем противопожарной защиты
70,Проектирование технологической части систем противопожарной защиты,200,Сбор и анализ исходных данных для разработки технологической части проектной и рабочей документации систем противопожарной защиты
71,Координация проектирования систем противопожарной защиты,205,Авторский надзор за соблюдением утвержденных проектных решений систем противопожарной защиты объектов
71,Координация проектирования систем противопожарной защиты,202,Определение основных технических решений систем противопожарной защиты объектов
71,Координация проектирования систем противопожарной защиты,203,Организационное сопровождение проектирования систем противопожарной защиты объектов
71,Координация проектирования систем противопожарной защиты,204,Разработка проектной и рабочей документации систем противопожарной защиты объектов
72,Руководство проектным подразделением по разработке систем противопожарной защиты,207,Организация работы проектного подразделения по разработке систем противопожарной защиты объектов
72,Руководство проектным подразделением по разработке систем противопожарной защиты,206,Разработка концепции системы противопожарной защиты объектов
73,"Подготовка материалов и документов, необходимых для начала реализации инвестиционно-строительного проекта, информирование застройщика о ходе реализации проекта",210,Подготовка и заключение договоров подключения (технологического присоединения) объектов капитального строительства к сетям инженерно-технического обеспечения зданий и сооружений
73,"Подготовка материалов и документов, необходимых для начала реализации инвестиционно-строительного проекта, информирование застройщика о ходе реализации проекта",209,"Подготовка, получение и представление градостроительной документации, исходных и разрешительных документов (материалов)"
73,"Подготовка материалов и документов, необходимых для начала реализации инвестиционно-строительного проекта, информирование застройщика о ходе реализации проекта",208,Разработка документов для планирования возможности реализации инвестиционно-строительного проекта
73,"Подготовка материалов и документов, необходимых для начала реализации инвестиционно-строительного проекта, информирование застройщика о ходе реализации проекта",211,"Сопровождение деятельности по получению заключения о достоверности определения сметной стоимости объекта, экспертизы проектной документации и результатов инженерных изысканий"
74,Инженерно-техническое сопровождение строительства на всех этапах жизненного цикла объекта капитального строительства или линейного объекта,217,"Завершение проекта, ввод объекта в эксплуатацию"
74,Инженерно-техническое сопровождение строительства на всех этапах жизненного цикла объекта капитального строительства или линейного объекта,212,"Инженерно-техническое сопровождение работ по инженерным изысканиям, архитектурно-строительному проектированию, проведению экспертизы результатов инженерных изысканий, проектной документации"
74,Инженерно-техническое сопровождение строительства на всех этапах жизненного цикла объекта капитального строительства или линейного объекта,218,"Консервация объекта капитального строительства, снос объекта капитального строительства либо линейного объекта"
74,Инженерно-техническое сопровождение строительства на всех этапах жизненного цикла объекта капитального строительства или линейного объекта,213,Контроль обеспечения требуемого уровня качества проектных решений в процессе разработки и реализации проектной и рабочей документации
74,Инженерно-техническое сопровождение строительства на всех этапах жизненного цикла объекта капитального строительства или линейного объекта,216,"Обеспечение соблюдения в процессе строительства, реконструкции, капитального ремонта, сноса объекта капитального строительства (линейного объекта) требований проектной документации, технических регламентов, сводов правил, национальных стандартов, специаль"
74,Инженерно-техническое сопровождение строительства на всех этапах жизненного цикла объекта капитального строительства или линейного объекта,215,"Организация подготовительных работ по строительству, реконструкции объекта капитального строительства, линейного объекта, в том числе при возобновлении строительства (реконструкции) после консервации"
74,Инженерно-техническое сопровождение строительства на всех этапах жизненного цикла объекта капитального строительства или линейного объекта,214,"Предоставление результатов инженерных изысканий, архитектурно-строительного проектирования"
75,Управление деятельностью службы (подразделениями) технического заказчика,220,"Организация взаимодействия с застройщиком, подрядными организациями, надзорными органами, органами власти, органами, уполномоченными на проведение экспертизы"
75,Управление деятельностью службы (подразделениями) технического заказчика,219,"Планирование, организация работ и управление работами по инженерным изысканиям, архитектурно-строительному проектированию, строительству, реконструкции и капитальному ремонту объекта капитального строительства, линейного объекта"
76,Организация и контроль дорожно-строительных работ на участке строительства объектов дорожного хозяйства,221,Операционный контроль дорожно-строительных работ на участке строительства объектов дорожного хозяйства
77,Организация и контроль производственно-хозяйственной деятельности в процессе строительства объектов дорожного хозяйства,222,Организационно-техническая подготовка площадки строительства объектов дорожного хозяйства
77,Организация и контроль производственно-хозяйственной деятельности в процессе строительства объектов дорожного хозяйства,224,Организация и контроль производства дорожно-строительных работ на участках строительства объектов дорожного хозяйства
77,Организация и контроль производственно-хозяйственной деятельности в процессе строительства объектов дорожного хозяйства,223,Организация материально-технического обеспечения строительства объектов дорожного хозяйства
77,Организация и контроль производственно-хозяйственной деятельности в процессе строительства объектов дорожного хозяйства,225,Проведение строительного контроля при осуществлении строительства объектов дорожного хозяйства и контроль их ввода в эксплуатацию
78,"Организация строительства объектов дорожного хозяйства и приемка в эксплуатацию объектов дорожного хозяйства, строительство которых завершено",226,Организация и контроль строительства объектов дорожного хозяйства
78,"Организация строительства объектов дорожного хозяйства и приемка в эксплуатацию объектов дорожного хозяйства, строительство которых завершено",227,Приемка и сдача в эксплуатацию объектов дорожного хозяйства
79,Организация и контроль производства отдельных видов строительно-монтажных работ на участке строительства объектов жилищно-гражданского комплекса,229,Оперативный контроль производства отдельных видов строительно-монтажных работ на участке строительства объектов жилищно-гражданского комплекса
79,Организация и контроль производства отдельных видов строительно-монтажных работ на участке строительства объектов жилищно-гражданского комплекса,228,Организация производства отдельных видов строительно-монтажных работ на участке строительства объектов жилищно-гражданского комплекса
80,Организация и контроль производственно-хозяйственной деятельности в процессе проведения строительно-монтажных работ при возведении объектов жилищно-гражданского комплекса,230,Организационно-техническая подготовка площадки строительства объекта жилищно-гражданского комплекса
80,Организация и контроль производственно-хозяйственной деятельности в процессе проведения строительно-монтажных работ при возведении объектов жилищно-гражданского комплекса,232,Организация и контроль производства строительно-монтажных работ на участках строительства объектов жилищно-гражданского комплекса
80,Организация и контроль производственно-хозяйственной деятельности в процессе проведения строительно-монтажных работ при возведении объектов жилищно-гражданского комплекса,231,Организация материально-технического обеспечения строительства объектов жилищно-гражданского комплекса
80,Организация и контроль производственно-хозяйственной деятельности в процессе проведения строительно-монтажных работ при возведении объектов жилищно-гражданского комплекса,233,Проведение строительного контроля при осуществлении строительства объектов жилищно-гражданского комплекса и контроль их ввода в эксплуатацию
81,Организация строительства и приемка в эксплуатацию законченных объектов жилищно-гражданского комплекса,234,Организация и контроль строительства объектов жилищно-гражданского комплекса
81,Организация строительства и приемка в эксплуатацию законченных объектов жилищно-гражданского комплекса,235,Приемка и сдача в эксплуатацию объектов жилищно-гражданского комплекса
82,Организация производства видов строительных работ,238,Контроль качества производства видов строительных работ
82,Организация производства видов строительных работ,237,Оперативное управление производством видов строительных работ
82,Организация производства видов строительных работ,236,Подготовка к производству видов строительных работ
83,Организация производства отдельных этапов строительных работ,239,Подготовка к производству отдельных этапов строительных работ
83,Организация производства отдельных этапов строительных работ,242,Сдача и приемка выполненных отдельных этапов строительных работ
83,Организация производства отдельных этапов строительных работ,241,Строительный контроль производства отдельных этапов строительных работ
83,Организация производства отдельных этапов строительных работ,240,Управление производством отдельных этапов строительных работ
84,Организация строительства объектов капитального строительства,243,Подготовка к строительству объектов капитального строительства
84,Организация строительства объектов капитального строительства,246,"Сдача и приемка объектов капитального строительства, частей объекта капитального строительства, этапов строительства, реконструкции объектов капитального строительства и приемка выполненных работ по строительству, реконструкции, капитальному ремонту, снос"
84,Организация строительства объектов капитального строительства,245,Строительный контроль строительства объектов капитального строительства
84,Организация строительства объектов капитального строительства,244,Управление строительством объектов капитального строительства
85,Обеспечение производства работ на участке строительства строительными машинами и механизмами,250,"Ведение учетной и отчетной документации по эксплуатации строительных машин и механизмов, используемых для производства работ на участке строительства"
85,Обеспечение производства работ на участке строительства строительными машинами и механизмами,249,"Контроль условий эксплуатации и техническое обслуживание строительных машин и механизмов, используемых для производства работ на участке строительства"
85,Обеспечение производства работ на участке строительства строительными машинами и механизмами,247,"Определение потребности в строительных машинах и механизмах, используемых для производства работ на участке строительства"
85,Обеспечение производства работ на участке строительства строительными машинами и механизмами,248,"Подготовка предложений по поставке строительных машин и механизмов, используемых для производства работ на участке строительства"
86,Обеспечение производства работ на объекте капитального строительства строительными машинами и механизмами,254,"Организация и контроль ведения учетной и отчетной документации по эксплуатации строительных машин и механизмов, используемых для производства работ на объекте капитального строительства"
86,Обеспечение производства работ на объекте капитального строительства строительными машинами и механизмами,251,"Организация поставок строительных машин и механизмов, используемых для производства работ на объекте капитального строительства"
86,Обеспечение производства работ на объекте капитального строительства строительными машинами и механизмами,253,"Организация, координация и контроль мероприятий по техническому обслуживанию и ремонту строительных машин и механизмов, используемых для производства работ на объекте капитального строительства"
86,Обеспечение производства работ на объекте капитального строительства строительными машинами и механизмами,252,"Планирование, распределение и контроль условий эксплуатации и технического состояния строительных машин и механизмов, используемых для производства работ на объекте капитального строительства"
87,Формирование и ведение отдельных видов организационно-технологической и исполнительной документации на участке производства строительно-монтажных работ,255,Учет и организация хранения (в том числе в электронном виде) отдельных видов организационно-технологической документации на участке производства строительно-монтажных работ
87,Формирование и ведение отдельных видов организационно-технологической и исполнительной документации на участке производства строительно-монтажных работ,257,Формирование и ведение отдельных видов исполнительной документации (в том числе в электронном виде) на участке производства строительно-монтажных работ
87,Формирование и ведение отдельных видов организационно-технологической и исполнительной документации на участке производства строительно-монтажных работ,256,Формирование отдельных видов организационно-технологической документации и ее передача на участок производства строительно-монтажных работ
88,Формирование и ведение организационно-технологической и исполнительной документации процесса строительного производства,259,Контроль и учет производства строительно-монтажных работ
88,Формирование и ведение организационно-технологической и исполнительной документации процесса строительного производства,261,"Подготовка документации для приемки строительно-монтажных работ, предусмотренных проектной и рабочей документацией, и (или) формирование итогового комплекта документации для приемки в эксплуатацию объекта по окончании строительства"
88,Формирование и ведение организационно-технологической и исполнительной документации процесса строительного производства,260,Подготовка технической части планов и заявок строительной организации на обеспечение строительного производства материально-техническими и трудовыми ресурсами
88,Формирование и ведение организационно-технологической и исполнительной документации процесса строительного производства,258,Разработка проектов производства работ и их передача производственным подразделениям строительной организации и субподрядным организациям
89,"Руководство формированием, ведением и соблюдением требований организационно-технологической и исполнительной документации процесса строительного производства",262,"Входной контроль и согласование с заказчиком (застройщиком, техническим заказчиком) проектной и рабочей документации"
89,"Руководство формированием, ведением и соблюдением требований организационно-технологической и исполнительной документации процесса строительного производства",264,"Организация работ и мероприятий по повышению эффективности строительного производства, технического перевооружения строительной организации"
89,"Руководство формированием, ведением и соблюдением требований организационно-технологической и исполнительной документации процесса строительного производства",263,"Планирование и контроль формирования и ведения организационно-технологической и исполнительной документации процесса строительного производства, в том числе выполняемых специализированными и субподрядными организациями"
90,Выполнение финансово-экономических расчетов и ведение первичной учетной документации при выполнении строительно-монтажных работ на производственном участке,265,Планирование потребности производственного участка в материально-технических и финансовых ресурсах при выполнении строительно-монтажных работ
90,Выполнение финансово-экономических расчетов и ведение первичной учетной документации при выполнении строительно-монтажных работ на производственном участке,267,Формирование первичной учетной документации при выполнении строительно-монтажных работ на производственном участке
90,Выполнение финансово-экономических расчетов и ведение первичной учетной документации при выполнении строительно-монтажных работ на производственном участке,266,"Формирование стоимости материально-технических ресурсов, используемых в процессе строительно-монтажных работ на производственном участке"
91,Осуществление планово-экономической деятельности в строительной организации,270,Ведение экономических работ в составе договорной и закупочной деятельности в строительной организации
91,Осуществление планово-экономической деятельности в строительной организации,271,Контроль расходования сметных и плановых лимитов материально-технических и финансовых ресурсов в процессе строительного производства
91,Осуществление планово-экономической деятельности в строительной организации,272,Контроль фактического выполнения плановых экономических показателей процесса строительного производства
91,Осуществление планово-экономической деятельности в строительной организации,269,Расчет и контроль технико-экономических показателей процесса строительного производства
91,Осуществление планово-экономической деятельности в строительной организации,268,Экономическое планирование процесса строительного производства
92,Управление планово-экономической деятельностью строительной организации,275,Реализация мероприятий по повышению эффективности планово-экономического обеспечения строительного производства
92,Управление планово-экономической деятельностью строительной организации,274,Руководство подготовкой и контроль выполнения экономических планов строительного производства по объектам строительства и организации в целом
92,Управление планово-экономической деятельностью строительной организации,273,Стратегическое и тактическое планирование экономического развития строительной организации
93,Ведение складского хозяйства строительной организации,278,Ведение складского учета материальных ресурсов строительной организации
93,Ведение складского хозяйства строительной организации,277,Организация и контроль безопасности и сохранности складируемых материальных ресурсов строительной организации
93,Ведение складского хозяйства строительной организации,276,"Приемка, хранение и выдача материальных ресурсов строительной организации"
94,Обеспечение производства работ на участке строительства материальными ресурсами,279,"Определение потребности в материальных ресурсах, используемых при производстве работ на участке строительства"
94,Обеспечение производства работ на участке строительства материальными ресурсами,281,"Планирование и контроль расходования материальных ресурсов, используемых при производстве работ на участке строительства"
94,Обеспечение производства работ на участке строительства материальными ресурсами,280,"Подготовка предложений для проведения закупок материальных ресурсов, используемых при производстве работ на участке строительства"
95,Обеспечение производства работ на объекте капитального строительства материальными ресурсами,285,"Организация и контроль ведения учетной и отчетной документации по поставке, распределению и расходованию материальных ресурсов, используемых при производстве работ на объекте капитального строительства"
95,Обеспечение производства работ на объекте капитального строительства материальными ресурсами,282,"Организация поставок материальных ресурсов, используемых при производстве работ на объекте капитального строительства"
95,Обеспечение производства работ на объекте капитального строительства материальными ресурсами,284,"Планирование, распределение и контроль расходования материальных ресурсов, используемых при производстве работ на объекте капитального строительства"
95,Обеспечение производства работ на объекте капитального строительства материальными ресурсами,283,"Разработка и контроль соблюдения норм запаса материальных ресурсов, используемых при производстве работ на объекте капитального строительства"
96,Руководство производственной и финансово-хозяйственной деятельностью строительной организации,287,Оперативный контроль производственной и финансово-хозяйственной деятельности строительной организации
96,Руководство производственной и финансово-хозяйственной деятельностью строительной организации,286,Планирование и организация производственной и финансово-хозяйственной деятельности строительной организации
97,Стратегическое и оперативное управление строительной организацией,289,Оперативное управление деятельностью строительной организации
97,Стратегическое и оперативное управление строительной организацией,288,Стратегическое управление деятельностью строительной организации
98,"Техническая и технологическая оценка основных фондов ресурсоснабжающей организации, организации сферы обращения с ТКО",291,Оценка достоверности исходной информации и обобщение результатов технического обследования объектов коммунальной инфраструктуры
98,"Техническая и технологическая оценка основных фондов ресурсоснабжающей организации, организации сферы обращения с ТКО",290,"Сбор исходной информации о технических и технологических параметрах эксплуатируемых сооружений, сетей и оборудования"
99,Экономическая оценка затрат и результатов деятельности организации,294,"Оценка экономической обоснованности расходов, программы технического развития и обоснование выбора метода регулирования тарифов, предельных уровней тарифов, сроков действия для конкретной организации"
99,Экономическая оценка затрат и результатов деятельности организации,292,Сбор исходной информации о затратах (по статьям и элементам) в ретроспективе и о финансовом состоянии регулируемой организации
99,Экономическая оценка затрат и результатов деятельности организации,293,"Финансовый и сегментный анализ экономической обоснованности расходов и величины прибыли, необходимой для эффективного функционирования организации"
100,Разработка цен и тарифов на работы и услуги организации сферы обращения с ТКО или ресурсоснабжающей организации в соответствии с выбранным методом регулирования,295,"Определение потребности в инвестиционных ресурсах, необходимых для эффективного функционирования и развития объектов коммунальной инфраструктуры"
100,Разработка цен и тарифов на работы и услуги организации сферы обращения с ТКО или ресурсоснабжающей организации в соответствии с выбранным методом регулирования,296,"Подготовка предложений по формированию проектов цен и тарифов на работы и услуги ресурсоснабжающей организации, организации сферы обращения с ТКО, уточнение маркетинговой стратегии организации"
101,"Руководство структурным подразделением специалистов, осуществляющих деятельность по формированию цен и тарифов на работы и услуги ресурсоснабжающей организации, организации сферы обращения с ТКО",297,Координация деятельности структурного подразделения по формированию цен и тарифов на работы и услуги организации
101,"Руководство структурным подразделением специалистов, осуществляющих деятельность по формированию цен и тарифов на работы и услуги ресурсоснабжающей организации, организации сферы обращения с ТКО",299,"Определение, совершенствование и корректировка цен, тарифов на работы и услуги, размера платы за коммунальные услуги ресурсоснабжающей организации, организации сферы обращения с ТКО"
101,"Руководство структурным подразделением специалистов, осуществляющих деятельность по формированию цен и тарифов на работы и услуги ресурсоснабжающей организации, организации сферы обращения с ТКО",300,Особенности цифровизации процедур расчета тарифов и размера платы за коммунальные ресурсы и услуги
101,"Руководство структурным подразделением специалистов, осуществляющих деятельность по формированию цен и тарифов на работы и услуги ресурсоснабжающей организации, организации сферы обращения с ТКО",298,Формирование социально и экономически обоснованных цен и тарифов на работы и услуги организации
102,Разработка и подготовка к выпуску рабочей документации тепловых сетей,302,Подготовка к выпуску рабочей документации тепловых сетей
102,Разработка и подготовка к выпуску рабочей документации тепловых сетей,301,Разработка текстовой и графической частей рабочей документации тепловых сетей
102,Разработка и подготовка к выпуску рабочей документации тепловых сетей,303,"Создание элементов тепловых сетей в качестве компонентов информационной модели объекта капитального строительства, а также структурирование документов, сведений и материалов для подготовки проектной документации в форме информационной модели объекта капит"
103,Разработка проекта тепловых сетей,304,Подготовка и оформление специальных расчетов по тепловым сетям
103,Разработка проекта тепловых сетей,306,Подготовка к выпуску проекта тепловых сетей
103,Разработка проекта тепловых сетей,307,Подготовка проектной документации в форме информационной модели объекта капитального строительства в области тепловых сетей
103,Разработка проекта тепловых сетей,305,Разработка текстовой и графической частей проектной документации тепловых сетей
104,Техническое руководство процессами разработки и реализации проекта тепловых сетей,308,Организация и контроль разработки проекта тепловых сетей
104,Техническое руководство процессами разработки и реализации проекта тепловых сетей,309,"Организация, контроль создания проектной документации в форме информационной модели объекта капитального строительства в области тепловых сетей, а также внесение изменений в такую проектную документацию, выполненную в форме информационной модели, в том чи"
104,Техническое руководство процессами разработки и реализации проекта тепловых сетей,310,Осуществление авторского надзора за соблюдением утвержденных проектных решений тепловых сетей
105,"Подготовка проектной документации по отдельным узлам и элементам тепломеханической части котельных, центральных тепловых пунктов, малых теплоэлектроцентралей",312,"Выполнение компоновочных решений, тепловых схем, разводки трубопроводов при проектировании технологических решений котельных, центральных тепловых пунктов, малых теплоэлектроцентралей"
105,"Подготовка проектной документации по отдельным узлам и элементам тепломеханической части котельных, центральных тепловых пунктов, малых теплоэлектроцентралей",311,"Выполнение отдельных узлов и элементов оборудования и обвязки трубопроводами тепломеханической части котельных, центральных тепловых пунктов, малых теплоэлектроцентралей на основании задания руководителя"
106,"Выполнение специальных расчетов для проектирования технологических решений котельных, центральных тепловых пунктов, малых теплоэлектроцентралей",314,"Выполнение аэродинамических расчетов и расчетов энергоэффективности для проектирования технологических решений котельных, центральных тепловых пунктов, малых теплоэлектроцентралей"
106,"Выполнение специальных расчетов для проектирования технологических решений котельных, центральных тепловых пунктов, малых теплоэлектроцентралей",313,"Выполнение гидравлических расчетов, расчетов тепловых схем с выбором оборудования и арматуры для проектирования технологических решений котельных, центральных тепловых пунктов, малых теплоэлектроцентралей"
106,"Выполнение специальных расчетов для проектирования технологических решений котельных, центральных тепловых пунктов, малых теплоэлектроцентралей",315,"Выполнение прочностных расчетов трубопроводов с учетом компенсации и самокомпенсации для проектирования технологических решений котельных, центральных тепловых пунктов, малых теплоэлектроцентралей"
107,"Руководство работниками, осуществляющими проектирование технологических решений котельных, центральных тепловых пунктов, малых теплоэлектроцентралей, на всех объектах",316,"Организация работы исполнителей, контроль и проверка выполненных работ по проектированию технологических решений котельных, центральных тепловых пунктов, малых теплоэлектроцентралей"
107,"Руководство работниками, осуществляющими проектирование технологических решений котельных, центральных тепловых пунктов, малых теплоэлектроцентралей, на всех объектах",317,"Осуществление авторского надзора за соблюдением утвержденных проектных решений по технологическим решениям котельных, центральных тепловых пунктов, малых теплоэлектроцентралей"
108,Разработка и подготовка к выпуску рабочей документации проекта насосных станций систем водоснабжения и водоотведения,319,Подготовка к выпуску рабочей документации проекта насосных станций систем водоснабжения и водоотведения
108,Разработка и подготовка к выпуску рабочей документации проекта насосных станций систем водоснабжения и водоотведения,318,Разработка текстовой и графической частей рабочей документации проекта насосных станций систем водоснабжения и водоотведения
109,Разработка проекта насосных станций систем водоснабжения и водоотведения,322,Проведение расчетов и разработка проектных решений насосных станций систем водоснабжения и водоотведения
109,Разработка проекта насосных станций систем водоснабжения и водоотведения,320,Разработка и подготовка к выпуску проектной документации насосных станций систем водоснабжения и водоотведения
109,Разработка проекта насосных станций систем водоснабжения и водоотведения,321,Создание информационной модели насосных станций систем водоснабжения и водоотведения в составе сводной цифровой модели
110,Техническое руководство процессами разработки и реализации проекта насосных станций систем водоснабжения и водоотведения,323,Организация и контроль процесса разработки проекта насосных станций систем водоснабжения и водоотведения
110,Техническое руководство процессами разработки и реализации проекта насосных станций систем водоснабжения и водоотведения,324,Осуществление авторского надзора за соблюдением утвержденных проектных решений при строительстве насосных станций
111,Разработка и подготовка к выпуску рабочей документации сооружений очистки сточных вод и обработки осадков,326,Подготовка к выпуску рабочей документации сооружений очистки сточных вод и обработки осадков
111,Разработка и подготовка к выпуску рабочей документации сооружений очистки сточных вод и обработки осадков,325,Разработка текстовой и графической частей рабочей документации сооружений очистки сточных вод и обработки осадков
111,Разработка и подготовка к выпуску рабочей документации сооружений очистки сточных вод и обработки осадков,327,"Создание элементов сооружений очистки сточных вод и обработки осадков в качестве компонентов информационной модели объекта капитального строительства, а также структурирование документов, сведений и материалов для подготовки проектной документации в форме"
112,Разработка проекта сооружений очистки сточных вод и обработки осадков,328,Выполнение специальных расчетов и разработка конструктивных и компоновочных решений сооружений очистки сточных вод и обработки осадков
112,Разработка проекта сооружений очистки сточных вод и обработки осадков,330,Подготовка проектной документации в форме информационной модели объекта капитального строительства в области сооружений очистки сточных вод и обработки осадков
112,Разработка проекта сооружений очистки сточных вод и обработки осадков,329,Разработка текстовой и графической частей проектной документации сооружений очистки сточных вод и обработки осадков
113,Техническое руководство процессами разработки и реализации проекта сооружений очистки сточных вод и обработки осадков,331,Организация и контроль разработки проекта сооружений очистки сточных вод и обработки осадков
113,Техническое руководство процессами разработки и реализации проекта сооружений очистки сточных вод и обработки осадков,332,"Организация, контроль создания проектной документации в форме информационной модели объекта капитального строительства в области сооружений очистки сточных вод и обработки осадков, а также внесение изменений в такую проектную документацию, выполненную в ф"
113,Техническое руководство процессами разработки и реализации проекта сооружений очистки сточных вод и обработки осадков,333,Осуществление авторского надзора за соблюдением утвержденных проектных решений сооружений очистки сточных вод и обработки осадков
114,"Подготовка проектной и рабочей документации по отдельным узлам и элементам для проектирования внутреннего газооборудования технологических установок, котельных и малых теплоэлектроцентралей",335,"Выполнение компоновочных решений, газовых схем и разводки трубопроводов внутреннего газооборудования технологических установок, котельных и малых теплоэлектроцентралей"
114,"Подготовка проектной и рабочей документации по отдельным узлам и элементам для проектирования внутреннего газооборудования технологических установок, котельных и малых теплоэлектроцентралей",334,"Выполнение проектной документации по отдельным узлам и элементам внутреннего газооборудования технологических установок, котельных и малых теплоэлектроцентралей на основании задания руководителя"
115,"Подготовка и оформление специальных расчетов для проектирования внутреннего газооборудования технологических установок, котельных и малых теплоэлектроцентралей",336,"Выполнение гидравлических расчетов, расчетов газовых схем с выбором оборудования и арматуры для проектирования внутреннего газооборудования технологических установок, котельных и малых теплоэлектроцентралей"
115,"Подготовка и оформление специальных расчетов для проектирования внутреннего газооборудования технологических установок, котельных и малых теплоэлектроцентралей",337,"Выполнение прочностных расчетов трубопроводов с учетом компенсации и самокомпенсации для проектирования внутреннего газооборудования технологических установок, котельных и малых теплоэлектроцентралей"
116,"Руководство работниками, осуществляющими проектирование внутреннего газооборудования технологических установок, котельных и малых теплоэлектроцентралей на всех объектах",338,"Организация работы исполнителей, контроль и проверка выполненных работ по проектированию внутреннего газооборудования технологических установок, котельных и малых теплоэлектроцентралей"
116,"Руководство работниками, осуществляющими проектирование внутреннего газооборудования технологических установок, котельных и малых теплоэлектроцентралей на всех объектах",339,"Осуществление авторского надзора за соблюдением утвержденных проектных решений по внутреннему газооборудованию технологических установок, котельных и малых теплоэлектроцентралей"
117,"Разработка проектной и рабочей документации на объекты капитального строительства, относящиеся к категории уникальных",340,"Выполнение расчета строительных конструкций и оснований объектов капитального строительства, относящихся к категории уникальных"
117,"Разработка проектной и рабочей документации на объекты капитального строительства, относящиеся к категории уникальных",341,"Разработка проектной документации на объекты капитального строительства, относящиеся к категории уникальных"
117,"Разработка проектной и рабочей документации на объекты капитального строительства, относящиеся к категории уникальных",342,"Разработка рабочей документации на объекты капитального строительства, относящиеся к категории уникальных"
117,"Разработка проектной и рабочей документации на объекты капитального строительства, относящиеся к категории уникальных",343,"Формирование и ведение ИМ ОКС, относящегося к категории уникальных"
118,"Техническое руководство процессами разработки проектной документации на объекты капитального строительства, относящиеся к категории уникальных, и осуществление авторского надзора",346,"Организация и контроль формирования и ведения ИМ ОКС, относящегося к категории уникальных"
118,"Техническое руководство процессами разработки проектной документации на объекты капитального строительства, относящиеся к категории уникальных, и осуществление авторского надзора",347,"Осуществление авторского надзора за строительством объекта капитального строительства, относящегося к категории уникальных"
118,"Техническое руководство процессами разработки проектной документации на объекты капитального строительства, относящиеся к категории уникальных, и осуществление авторского надзора",344,"Разработка концепции конструктивной схемы и основных проектно-технологических решений объекта капитального строительства, относящегося к категории уникальных"
118,"Техническое руководство процессами разработки проектной документации на объекты капитального строительства, относящиеся к категории уникальных, и осуществление авторского надзора",348,"Разработка специальных технических условий для разработки проектной документации на объект капитального строительства, относящийся к категории уникальных"
118,"Техническое руководство процессами разработки проектной документации на объекты капитального строительства, относящиеся к категории уникальных, и осуществление авторского надзора",345,"Формирование задания на проектирование и контроль разработки проектной и рабочей документации на объекты капитального строительства, относящиеся к категории уникальных"
119,Строительный контроль систем защитных покрытий и электрохимической защиты,349,"Входной контроль материалов, изделий и оборудования, применяемого при устройстве защиты от коррозии"
119,Строительный контроль систем защитных покрытий и электрохимической защиты,350,Контроль применяемых технологий и способов устройства систем защитных покрытий (включая освидетельствование скрытых работ)
119,Строительный контроль систем защитных покрытий и электрохимической защиты,351,Контроль применяемых технологий и способов устройства систем электрохимической защиты (включая освидетельствование скрытых работ)
119,Строительный контроль систем защитных покрытий и электрохимической защиты,352,Приемка в эксплуатацию систем защиты от коррозии
120,Организация работ и руководство работами по строительному контролю устройства систем защиты от коррозии,353,Оценка и анализ качества работ по подготовке объекта к устройству системы защиты от коррозии
120,Организация работ и руководство работами по строительному контролю устройства систем защиты от коррозии,354,Оценка и анализ качества работ по устройству системы защиты от коррозии
120,Организация работ и руководство работами по строительному контролю устройства систем защиты от коррозии,355,Оценка и анализ технической документации на системы защиты от коррозии
120,Организация работ и руководство работами по строительному контролю устройства систем защиты от коррозии,356,Оценка качества выполнения работ специалистами строительного контроля в области защиты от коррозии
120,Организация работ и руководство работами по строительному контролю устройства систем защиты от коррозии,357,Планирование и организация работы специалистов строительного контроля систем защиты от коррозии
120,Организация работ и руководство работами по строительному контролю устройства систем защиты от коррозии,358,Руководство работой специалистов строительного контроля систем защиты от коррозии
121,"Управление подразделением строительного контроля, идентификация угроз и анализ рисков на объектах строительного контроля систем защиты от коррозии",359,Идентификация угроз и анализ рисков на объектах строительного контроля систем защиты от коррозии
121,"Управление подразделением строительного контроля, идентификация угроз и анализ рисков на объектах строительного контроля систем защиты от коррозии",360,Оценка состояния системы строительного контроля защиты от коррозии
121,"Управление подразделением строительного контроля, идентификация угроз и анализ рисков на объектах строительного контроля систем защиты от коррозии",361,Разработка мероприятий по снижению строительных рисков
122,"Подготовка проекта по обеспечению соблюдения требований энергетической эффективности зданий, строений и сооружений",362,"Осуществление расчетов и подготовка исходных данных для проектирования мероприятий по обеспечению соблюдения требований энергетической эффективности зданий, строений и сооружений"
122,"Подготовка проекта по обеспечению соблюдения требований энергетической эффективности зданий, строений и сооружений",364,"Подготовка к выпуску проекта по обеспечению соблюдения требований энергетической эффективности зданий, строений и сооружений"
122,"Подготовка проекта по обеспечению соблюдения требований энергетической эффективности зданий, строений и сооружений",363,"Разработка текстовой и графической частей раздела проектной документации по обеспечению соблюдения требований энергетической эффективности зданий, строений и сооружений"
122,"Подготовка проекта по обеспечению соблюдения требований энергетической эффективности зданий, строений и сооружений",365,"Создание структуры организации данных в среде информационного моделирования для обеспечения проверки на соответствие требованиям энергетической эффективности зданий, строений и сооружений"
123,"Техническое руководство процессами разработки и реализации проекта по обеспечению соблюдения требований энергетической эффективности зданий, строений и сооружений",366,"Организация и контроль подготовки проекта по обеспечению соблюдения требований энергетической эффективности зданий, строений и сооружений"
123,"Техническое руководство процессами разработки и реализации проекта по обеспечению соблюдения требований энергетической эффективности зданий, строений и сооружений",367,"Осуществление авторского надзора за соблюдением утвержденных проектных решений раздела проектной документации по обеспечению соблюдения требований энергетической эффективности зданий, строений и сооружений"
124,Разработка и оформление рабочей документации системы холодоснабжения,369,Подготовка к выпуску рабочей документации системы холодоснабжения
124,Разработка и оформление рабочей документации системы холодоснабжения,368,Разработка рабочей документации системы холодоснабжения
124,Разработка и оформление рабочей документации системы холодоснабжения,370,Создание элементов системы холодоснабжения в качестве компонентов для информационной модели объекта
125,Разработка проектной документации системы холодоснабжения,371,Выполнение расчетов для проектирования системы холодоснабжения
125,Разработка проектной документации системы холодоснабжения,373,Подготовка к выпуску проекта системы холодоснабжения
125,Разработка проектной документации системы холодоснабжения,372,Разработка текстовой и графической частей проектной документации системы холодоснабжения
125,Разработка проектной документации системы холодоснабжения,374,Создание информационной модели системы холодоснабжения
126,Техническое руководство процессами разработки и реализации проекта системы холодоснабжения,377,Организация и контроль создания информационной модели системы холодоснабжения
126,Техническое руководство процессами разработки и реализации проекта системы холодоснабжения,378,Осуществление авторского надзора за соблюдением утвержденных проектных решений проектной документации системы холодоснабжения
126,Техническое руководство процессами разработки и реализации проекта системы холодоснабжения,375,Разработка технологических и конструктивных решений системы холодоснабжения
126,Техническое руководство процессами разработки и реализации проекта системы холодоснабжения,376,Формирование технического задания и контроль разработки проекта системы холодоснабжения
